idx,t_ms,ir_hex,mnemonic,status,desc,acc_pre,acc_post,cy_pre,cy_post,r0_pre,r1_pre,r2_pre,r3_pre,r4_pre,r5_pre,r6_pre,r7_pre,r8_pre,r9_pre,r10_pre,r11_pre,r12_pre,r13_pre,r14_pre,r15_pre,r0_post,r1_post,r2_post,r3_post,r4_post,r5_post,r6_post,r7_post,r8_post,r9_post,r10_post,r11_post,r12_post,r13_post,r14_post,r15_post
0,4.034,BA,XCH R10,pass,,4,0,0,0,0,0,0,0,15,4,4,7,10,0,0,0,0,0,0,0,0,0,0,0,15,4,4,7,10,0,4,0,0,0,0,0
1,4.134,DB,LDM 11,pass,,0,11,0,0,0,0,0,0,15,4,4,7,10,0,4,0,0,0,0,0,0,0,0,0,15,4,4,7,10,0,4,0,0,0,0,0
2,4.204,BB,XCH R11,pass,,11,0,0,0,0,0,0,0,15,4,4,7,10,0,4,0,0,0,0,0,0,0,0,0,15,4,4,7,10,0,4,11,0,0,0,0
3,4.304,50,JMS 0,pass,,0,0,0,0,0,0,0,0,15,4,4,7,10,0,4,11,0,0,0,0,0,0,0,0,15,4,4,7,10,0,4,11,0,0,0,0
4,4.484,2C,FIM/SRC C,pass,,0,0,0,0,0,0,0,0,15,4,4,7,10,0,4,11,0,0,0,0,0,0,0,0,15,4,4,7,10,0,4,11,0,0,0,0
5,4.644,50,JMS 0,pass,,0,0,0,0,0,0,0,0,15,4,4,7,10,0,4,11,0,0,0,0,0,0,0,0,15,4,4,7,10,0,4,11,0,0,0,0
6,4.824,F1,CLC,pass,,0,0,0,0,0,0,0,0,15,4,4,7,10,0,4,11,0,0,0,0,0,0,0,0,15,4,4,7,10,0,4,11,0,0,0,0
7,4.894,A6,LD R6,pass,,0,4,0,0,0,0,0,0,15,4,4,7,10,0,4,11,0,0,0,0,0,0,0,0,15,4,4,7,10,0,4,11,0,0,0,0
8,4.974,F5,RAL,pass,,4,8,0,0,0,0,0,0,15,4,4,7,10,0,4,11,0,0,0,0,0,0,0,0,15,4,4,7,10,0,4,11,0,0,0,0
9,5.054,F7,TCC,pass,,8,0,0,0,0,0,0,0,15,4,4,7,10,0,4,11,0,0,0,0,0,0,0,0,15,4,4,7,10,0,4,11,0,0,0,0
10,5.134,B2,XCH R2,pass,,0,0,0,0,0,0,0,0,15,4,4,7,10,0,4,11,0,0,0,0,0,0,0,0,15,4,4,7,10,0,4,11,0,0,0,0
11,5.234,A6,LD R6,pass,,0,4,0,0,0,0,0,0,15,4,4,7,10,0,4,11,0,0,0,0,0,0,0,0,15,4,4,7,10,0,4,11,0,0,0,0
12,5.314,F5,RAL,pass,,4,8,0,0,0,0,0,0,15,4,4,7,10,0,4,11,0,0,0,0,0,0,0,0,15,4,4,7,10,0,4,11,0,0,0,0
13,5.394,F1,CLC,pass,,8,8,0,0,0,0,0,0,15,4,4,7,10,0,4,11,0,0,0,0,0,0,0,0,15,4,4,7,10,0,4,11,0,0,0,0
14,5.464,F6,RAR,pass,,8,4,0,0,0,0,0,0,15,4,4,7,10,0,4,11,0,0,0,0,0,0,0,0,15,4,4,7,10,0,4,11,0,0,0,0
15,5.544,B6,XCH R6,pass,,4,4,0,0,0,0,0,0,15,4,4,7,10,0,4,11,0,0,0,0,0,0,0,0,15,4,4,7,10,0,4,11,0,0,0,0
16,5.644,F1,CLC,pass,,4,4,0,0,0,0,0,0,15,4,4,7,10,0,4,11,0,0,0,0,0,0,0,0,15,4,4,7,10,0,4,11,0,0,0,0
17,5.714,AA,LD R10,pass,,4,4,0,0,0,0,0,0,15,4,4,7,10,0,4,11,0,0,0,0,0,0,0,0,15,4,4,7,10,0,4,11,0,0,0,0
18,5.794,F5,RAL,pass,,4,8,0,0,0,0,0,0,15,4,4,7,10,0,4,11,0,0,0,0,0,0,0,0,15,4,4,7,10,0,4,11,0,0,0,0
19,5.874,F7,TCC,pass,,8,0,0,0,0,0,0,0,15,4,4,7,10,0,4,11,0,0,0,0,0,0,0,0,15,4,4,7,10,0,4,11,0,0,0,0
20,5.954,B3,XCH R3,pass,,0,0,0,0,0,0,0,0,15,4,4,7,10,0,4,11,0,0,0,0,0,0,0,0,15,4,4,7,10,0,4,11,0,0,0,0
21,6.054,AA,LD R10,pass,,0,4,0,0,0,0,0,0,15,4,4,7,10,0,4,11,0,0,0,0,0,0,0,0,15,4,4,7,10,0,4,11,0,0,0,0
22,6.134,F5,RAL,pass,,4,8,0,0,0,0,0,0,15,4,4,7,10,0,4,11,0,0,0,0,0,0,0,0,15,4,4,7,10,0,4,11,0,0,0,0
23,6.214,F1,CLC,pass,,8,8,0,0,0,0,0,0,15,4,4,7,10,0,4,11,0,0,0,0,0,0,0,0,15,4,4,7,10,0,4,11,0,0,0,0
24,6.284,F6,RAR,pass,,8,4,0,0,0,0,0,0,15,4,4,7,10,0,4,11,0,0,0,0,0,0,0,0,15,4,4,7,10,0,4,11,0,0,0,0
25,6.364,BA,XCH R10,pass,,4,4,0,0,0,0,0,0,15,4,4,7,10,0,4,11,0,0,0,0,0,0,0,0,15,4,4,7,10,0,4,11,0,0,0,0
26,6.464,C0,BBL 0,pass,,4,0,0,0,0,0,0,0,15,4,4,7,10,0,4,11,0,0,0,0,0,0,0,0,15,4,4,7,10,0,4,11,0,0,0,0
27,6.544,A7,LD R7,pass,,0,7,0,0,0,0,0,0,15,4,4,7,10,0,4,11,0,0,0,0,0,0,0,0,15,4,4,7,10,0,4,11,0,0,0,0
28,6.624,8B,ADD R11,pass,,7,2,0,1,0,0,0,0,15,4,4,7,10,0,4,11,0,0,0,0,0,0,0,0,15,4,4,7,10,0,4,11,0,0,0,0
29,6.724,BF,XCH R15,pass,,2,0,1,1,0,0,0,0,15,4,4,7,10,0,4,11,0,0,0,0,0,0,0,0,15,4,4,7,10,0,4,11,0,0,0,2
30,6.824,A6,LD R6,pass,,0,4,1,1,0,0,0,0,15,4,4,7,10,0,4,11,0,0,0,2,0,0,0,0,15,4,4,7,10,0,4,11,0,0,0,2
31,6.904,8A,ADD R10,pass,,4,9,1,0,0,0,0,0,15,4,4,7,10,0,4,11,0,0,0,2,0,0,0,0,15,4,4,7,10,0,4,11,0,0,0,2
32,7.004,BE,XCH R14,pass,,9,0,0,0,0,0,0,0,15,4,4,7,10,0,4,11,0,0,0,2,0,0,0,0,15,4,4,7,10,0,4,11,0,0,9,2
33,7.104,F1,CLC,pass,,0,0,0,0,0,0,0,0,15,4,4,7,10,0,4,11,0,0,9,2,0,0,0,0,15,4,4,7,10,0,4,11,0,0,9,2
34,7.174,DF,LDM 15,pass,,0,15,0,0,0,0,0,0,15,4,4,7,10,0,4,11,0,0,9,2,0,0,0,0,15,4,4,7,10,0,4,11,0,0,9,2
35,7.244,B0,XCH R0,pass,,15,0,0,0,0,0,0,0,15,4,4,7,10,0,4,11,0,0,9,2,15,0,0,0,15,4,4,7,10,0,4,11,0,0,9,2
36,7.344,AF,LD R15,pass,,0,2,0,0,15,0,0,0,15,4,4,7,10,0,4,11,0,0,9,2,15,0,0,0,15,4,4,7,10,0,4,11,0,0,9,2
37,7.424,90,SUB R0,pass,,2,2,0,0,15,0,0,0,15,4,4,7,10,0,4,11,0,0,9,2,15,0,0,0,15,4,4,7,10,0,4,11,0,0,9,2
38,7.524,BF,XCH R15,pass,,2,2,0,0,15,0,0,0,15,4,4,7,10,0,4,11,0,0,9,2,15,0,0,0,15,4,4,7,10,0,4,11,0,0,9,2
39,7.624,F3,CMC,pass,,2,2,0,1,15,0,0,0,15,4,4,7,10,0,4,11,0,0,9,2,15,0,0,0,15,4,4,7,10,0,4,11,0,0,9,2
40,7.694,D3,LDM 3,pass,,2,3,1,1,15,0,0,0,15,4,4,7,10,0,4,11,0,0,9,2,15,0,0,0,15,4,4,7,10,0,4,11,0,0,9,2
41,7.764,B0,XCH R0,pass,,3,15,1,1,15,0,0,0,15,4,4,7,10,0,4,11,0,0,9,2,3,0,0,0,15,4,4,7,10,0,4,11,0,0,9,2
42,7.864,AE,LD R14,pass,,15,9,1,1,3,0,0,0,15,4,4,7,10,0,4,11,0,0,9,2,3,0,0,0,15,4,4,7,10,0,4,11,0,0,9,2
43,7.944,90,SUB R0,pass,,9,6,1,1,3,0,0,0,15,4,4,7,10,0,4,11,0,0,9,2,3,0,0,0,15,4,4,7,10,0,4,11,0,0,9,2
44,8.044,BE,XCH R14,pass,,6,9,1,1,3,0,0,0,15,4,4,7,10,0,4,11,0,0,9,2,3,0,0,0,15,4,4,7,10,0,4,11,0,0,6,2
45,8.144,F1,CLC,pass,,9,9,1,0,3,0,0,0,15,4,4,7,10,0,4,11,0,0,6,2,3,0,0,0,15,4,4,7,10,0,4,11,0,0,6,2
46,8.214,A2,LD R2,pass,,9,0,0,0,3,0,0,0,15,4,4,7,10,0,4,11,0,0,6,2,3,0,0,0,15,4,4,7,10,0,4,11,0,0,6,2
47,8.294,83,ADD R3,pass,,0,0,0,0,3,0,0,0,15,4,4,7,10,0,4,11,0,0,6,2,3,0,0,0,15,4,4,7,10,0,4,11,0,0,6,2
48,8.394,F5,RAL,pass,,0,0,0,0,3,0,0,0,15,4,4,7,10,0,4,11,0,0,6,2,3,0,0,0,15,4,4,7,10,0,4,11,0,0,6,2
49,8.474,F5,RAL,pass,,0,0,0,0,3,0,0,0,15,4,4,7,10,0,4,11,0,0,6,2,3,0,0,0,15,4,4,7,10,0,4,11,0,0,6,2
50,8.554,F5,RAL,pass,,0,0,0,0,3,0,0,0,15,4,4,7,10,0,4,11,0,0,6,2,3,0,0,0,15,4,4,7,10,0,4,11,0,0,6,2
51,8.634,F1,CLC,pass,,0,0,0,0,3,0,0,0,15,4,4,7,10,0,4,11,0,0,6,2,3,0,0,0,15,4,4,7,10,0,4,11,0,0,6,2
52,8.704,8E,ADD R14,pass,,0,6,0,0,3,0,0,0,15,4,4,7,10,0,4,11,0,0,6,2,3,0,0,0,15,4,4,7,10,0,4,11,0,0,6,2
53,8.804,BE,XCH R14,pass,,6,6,0,0,3,0,0,0,15,4,4,7,10,0,4,11,0,0,6,2,3,0,0,0,15,4,4,7,10,0,4,11,0,0,6,2
54,8.904,20,FIM/SRC 0,pass,,6,6,0,0,3,0,0,0,15,4,4,7,10,0,4,11,0,0,6,2,0,0,0,0,15,4,4,7,10,0,4,11,0,0,6,2
55,9.064,22,FIM/SRC 2,pass,,6,6,0,0,0,0,0,0,15,4,4,7,10,0,4,11,0,0,6,2,0,0,0,0,15,4,4,7,10,0,4,11,0,0,6,2
56,9.224,A8,LD R8,pass,,6,10,0,0,0,0,0,0,15,4,4,7,10,0,4,11,0,0,6,2,0,0,0,0,15,4,4,7,10,0,4,11,0,0,6,2
57,9.304,1C,JCN C,pass,,10,10,0,0,0,0,0,0,15,4,4,7,10,0,4,11,0,0,6,2,0,0,0,0,15,4,4,7,10,0,4,11,0,0,6,2
58,9.454,F1,CLC,pass,,10,10,0,0,0,0,0,0,15,4,4,7,10,0,4,11,0,0,6,2,0,0,0,0,15,4,4,7,10,0,4,11,0,0,6,2
59,9.524,A8,LD R8,pass,,10,10,0,0,0,0,0,0,15,4,4,7,10,0,4,11,0,0,6,2,0,0,0,0,15,4,4,7,10,0,4,11,0,0,6,2
60,9.604,F6,RAR,pass,,10,5,0,0,0,0,0,0,15,4,4,7,10,0,4,11,0,0,6,2,0,0,0,0,15,4,4,7,10,0,4,11,0,0,6,2
61,9.684,B8,XCH R8,pass,,5,10,0,0,0,0,0,0,15,4,4,7,10,0,4,11,0,0,6,2,0,0,0,0,15,4,4,7,5,0,4,11,0,0,6,2
62,9.784,A9,LD R9,pass,,10,0,0,0,0,0,0,0,15,4,4,7,5,0,4,11,0,0,6,2,0,0,0,0,15,4,4,7,5,0,4,11,0,0,6,2
63,9.864,F6,RAR,pass,,0,0,0,0,0,0,0,0,15,4,4,7,5,0,4,11,0,0,6,2,0,0,0,0,15,4,4,7,5,0,4,11,0,0,6,2
64,9.944,B9,XCH R9,pass,,0,0,0,0,0,0,0,0,15,4,4,7,5,0,4,11,0,0,6,2,0,0,0,0,15,4,4,7,5,0,4,11,0,0,6,2
65,10.044,1A,JCN A,pass,,0,0,0,0,0,0,0,0,15,4,4,7,5,0,4,11,0,0,6,2,0,0,0,0,15,4,4,7,5,0,4,11,0,0,6,2
66,10.194,F1,CLC,pass,,0,0,0,0,0,0,0,0,15,4,4,7,5,0,4,11,0,0,6,2,0,0,0,0,15,4,4,7,5,0,4,11,0,0,6,2
67,10.264,A5,LD R5,pass,,0,4,0,0,0,0,0,0,15,4,4,7,5,0,4,11,0,0,6,2,0,0,0,0,15,4,4,7,5,0,4,11,0,0,6,2
68,10.344,F5,RAL,pass,,4,8,0,0,0,0,0,0,15,4,4,7,5,0,4,11,0,0,6,2,0,0,0,0,15,4,4,7,5,0,4,11,0,0,6,2
69,10.424,B5,XCH R5,pass,,8,4,0,0,0,0,0,0,15,4,4,7,5,0,4,11,0,0,6,2,0,0,0,0,15,8,4,7,5,0,4,11,0,0,6,2
70,10.524,A4,LD R4,pass,,4,15,0,0,0,0,0,0,15,8,4,7,5,0,4,11,0,0,6,2,0,0,0,0,15,8,4,7,5,0,4,11,0,0,6,2
71,10.604,F5,RAL,pass,,15,14,0,1,0,0,0,0,15,8,4,7,5,0,4,11,0,0,6,2,0,0,0,0,15,8,4,7,5,0,4,11,0,0,6,2
72,10.684,B4,XCH R4,pass,,14,15,1,1,0,0,0,0,15,8,4,7,5,0,4,11,0,0,6,2,0,0,0,0,14,8,4,7,5,0,4,11,0,0,6,2
73,10.784,F5,RAL,pass,,15,15,1,1,0,0,0,0,14,8,4,7,5,0,4,11,0,0,6,2,0,0,0,0,14,8,4,7,5,0,4,11,0,0,6,2
74,10.864,A1,LD R1,pass,,15,0,1,1,0,0,0,0,14,8,4,7,5,0,4,11,0,0,6,2,0,0,0,0,14,8,4,7,5,0,4,11,0,0,6,2
75,10.944,F5,RAL,pass,,0,1,1,0,0,0,0,0,14,8,4,7,5,0,4,11,0,0,6,2,0,0,0,0,14,8,4,7,5,0,4,11,0,0,6,2
76,11.024,B1,XCH R1,pass,,1,0,0,0,0,0,0,0,14,8,4,7,5,0,4,11,0,0,6,2,0,1,0,0,14,8,4,7,5,0,4,11,0,0,6,2
77,11.124,A0,LD R0,pass,,0,0,0,0,0,1,0,0,14,8,4,7,5,0,4,11,0,0,6,2,0,1,0,0,14,8,4,7,5,0,4,11,0,0,6,2
78,11.204,F5,RAL,pass,,0,0,0,0,0,1,0,0,14,8,4,7,5,0,4,11,0,0,6,2,0,1,0,0,14,8,4,7,5,0,4,11,0,0,6,2
79,11.284,B0,XCH R0,pass,,0,0,0,0,0,1,0,0,14,8,4,7,5,0,4,11,0,0,6,2,0,1,0,0,14,8,4,7,5,0,4,11,0,0,6,2
80,11.384,40,JUN 0,pass,,0,0,0,0,0,1,0,0,14,8,4,7,5,0,4,11,0,0,6,2,0,1,0,0,14,8,4,7,5,0,4,11,0,0,6,2
81,11.544,A8,LD R8,pass,,0,5,0,0,0,1,0,0,14,8,4,7,5,0,4,11,0,0,6,2,0,1,0,0,14,8,4,7,5,0,4,11,0,0,6,2
82,11.624,1C,JCN C,pass,,5,5,0,0,0,1,0,0,14,8,4,7,5,0,4,11,0,0,6,2,0,1,0,0,14,8,4,7,5,0,4,11,0,0,6,2
83,11.774,F1,CLC,pass,,5,5,0,0,0,1,0,0,14,8,4,7,5,0,4,11,0,0,6,2,0,1,0,0,14,8,4,7,5,0,4,11,0,0,6,2
84,11.844,A8,LD R8,pass,,5,5,0,0,0,1,0,0,14,8,4,7,5,0,4,11,0,0,6,2,0,1,0,0,14,8,4,7,5,0,4,11,0,0,6,2
85,11.924,F6,RAR,pass,,5,2,0,1,0,1,0,0,14,8,4,7,5,0,4,11,0,0,6,2,0,1,0,0,14,8,4,7,5,0,4,11,0,0,6,2
86,12.004,B8,XCH R8,pass,,2,5,1,1,0,1,0,0,14,8,4,7,5,0,4,11,0,0,6,2,0,1,0,0,14,8,4,7,2,0,4,11,0,0,6,2
87,12.104,A9,LD R9,pass,,5,0,1,1,0,1,0,0,14,8,4,7,2,0,4,11,0,0,6,2,0,1,0,0,14,8,4,7,2,0,4,11,0,0,6,2
88,12.184,F6,RAR,pass,,0,8,1,0,0,1,0,0,14,8,4,7,2,0,4,11,0,0,6,2,0,1,0,0,14,8,4,7,2,0,4,11,0,0,6,2
89,12.264,B9,XCH R9,pass,,8,0,0,0,0,1,0,0,14,8,4,7,2,0,4,11,0,0,6,2,0,1,0,0,14,8,4,7,2,8,4,11,0,0,6,2
90,12.364,1A,JCN A,pass,,0,0,0,0,0,1,0,0,14,8,4,7,2,8,4,11,0,0,6,2,0,1,0,0,14,8,4,7,2,8,4,11,0,0,6,2
91,12.514,F1,CLC,pass,,0,0,0,0,0,1,0,0,14,8,4,7,2,8,4,11,0,0,6,2,0,1,0,0,14,8,4,7,2,8,4,11,0,0,6,2
92,12.584,A5,LD R5,pass,,0,8,0,0,0,1,0,0,14,8,4,7,2,8,4,11,0,0,6,2,0,1,0,0,14,8,4,7,2,8,4,11,0,0,6,2
93,12.664,F5,RAL,pass,,8,0,0,1,0,1,0,0,14,8,4,7,2,8,4,11,0,0,6,2,0,1,0,0,14,8,4,7,2,8,4,11,0,0,6,2
94,12.744,B5,XCH R5,pass,,0,8,1,1,0,1,0,0,14,8,4,7,2,8,4,11,0,0,6,2,0,1,0,0,14,0,4,7,2,8,4,11,0,0,6,2
95,12.844,A4,LD R4,pass,,8,14,1,1,0,1,0,0,14,0,4,7,2,8,4,11,0,0,6,2,0,1,0,0,14,0,4,7,2,8,4,11,0,0,6,2
96,12.924,F5,RAL,pass,,14,13,1,1,0,1,0,0,14,0,4,7,2,8,4,11,0,0,6,2,0,1,0,0,14,0,4,7,2,8,4,11,0,0,6,2
97,13.004,B4,XCH R4,pass,,13,14,1,1,0,1,0,0,14,0,4,7,2,8,4,11,0,0,6,2,0,1,0,0,13,0,4,7,2,8,4,11,0,0,6,2
98,13.104,F5,RAL,pass,,14,13,1,1,0,1,0,0,13,0,4,7,2,8,4,11,0,0,6,2,0,1,0,0,13,0,4,7,2,8,4,11,0,0,6,2
99,13.184,A1,LD R1,pass,,13,1,1,1,0,1,0,0,13,0,4,7,2,8,4,11,0,0,6,2,0,1,0,0,13,0,4,7,2,8,4,11,0,0,6,2
100,13.264,F5,RAL,pass,,1,3,1,0,0,1,0,0,13,0,4,7,2,8,4,11,0,0,6,2,0,1,0,0,13,0,4,7,2,8,4,11,0,0,6,2
101,13.344,B1,XCH R1,pass,,3,1,0,0,0,1,0,0,13,0,4,7,2,8,4,11,0,0,6,2,0,3,0,0,13,0,4,7,2,8,4,11,0,0,6,2
102,13.444,A0,LD R0,pass,,1,0,0,0,0,3,0,0,13,0,4,7,2,8,4,11,0,0,6,2,0,3,0,0,13,0,4,7,2,8,4,11,0,0,6,2
103,13.524,F5,RAL,pass,,0,0,0,0,0,3,0,0,13,0,4,7,2,8,4,11,0,0,6,2,0,3,0,0,13,0,4,7,2,8,4,11,0,0,6,2
104,13.604,B0,XCH R0,pass,,0,0,0,0,0,3,0,0,13,0,4,7,2,8,4,11,0,0,6,2,0,3,0,0,13,0,4,7,2,8,4,11,0,0,6,2
105,13.704,40,JUN 0,pass,,0,0,0,0,0,3,0,0,13,0,4,7,2,8,4,11,0,0,6,2,0,3,0,0,13,0,4,7,2,8,4,11,0,0,6,2
106,13.864,A8,LD R8,pass,,0,2,0,0,0,3,0,0,13,0,4,7,2,8,4,11,0,0,6,2,0,3,0,0,13,0,4,7,2,8,4,11,0,0,6,2
107,13.944,1C,JCN C,pass,,2,2,0,0,0,3,0,0,13,0,4,7,2,8,4,11,0,0,6,2,0,3,0,0,13,0,4,7,2,8,4,11,0,0,6,2
108,14.094,F1,CLC,pass,,2,2,0,0,0,3,0,0,13,0,4,7,2,8,4,11,0,0,6,2,0,3,0,0,13,0,4,7,2,8,4,11,0,0,6,2
109,14.164,A8,LD R8,pass,,2,2,0,0,0,3,0,0,13,0,4,7,2,8,4,11,0,0,6,2,0,3,0,0,13,0,4,7,2,8,4,11,0,0,6,2
110,14.244,F6,RAR,pass,,2,1,0,0,0,3,0,0,13,0,4,7,2,8,4,11,0,0,6,2,0,3,0,0,13,0,4,7,2,8,4,11,0,0,6,2
111,14.324,B8,XCH R8,pass,,1,2,0,0,0,3,0,0,13,0,4,7,2,8,4,11,0,0,6,2,0,3,0,0,13,0,4,7,1,8,4,11,0,0,6,2
112,14.424,A9,LD R9,pass,,2,8,0,0,0,3,0,0,13,0,4,7,1,8,4,11,0,0,6,2,0,3,0,0,13,0,4,7,1,8,4,11,0,0,6,2
113,14.504,F6,RAR,pass,,8,4,0,0,0,3,0,0,13,0,4,7,1,8,4,11,0,0,6,2,0,3,0,0,13,0,4,7,1,8,4,11,0,0,6,2
114,14.584,B9,XCH R9,pass,,4,8,0,0,0,3,0,0,13,0,4,7,1,8,4,11,0,0,6,2,0,3,0,0,13,0,4,7,1,4,4,11,0,0,6,2
115,14.684,1A,JCN A,pass,,8,8,0,0,0,3,0,0,13,0,4,7,1,4,4,11,0,0,6,2,0,3,0,0,13,0,4,7,1,4,4,11,0,0,6,2
116,14.834,F1,CLC,pass,,8,8,0,0,0,3,0,0,13,0,4,7,1,4,4,11,0,0,6,2,0,3,0,0,13,0,4,7,1,4,4,11,0,0,6,2
117,14.904,A5,LD R5,pass,,8,0,0,0,0,3,0,0,13,0,4,7,1,4,4,11,0,0,6,2,0,3,0,0,13,0,4,7,1,4,4,11,0,0,6,2
118,14.984,F5,RAL,pass,,0,0,0,0,0,3,0,0,13,0,4,7,1,4,4,11,0,0,6,2,0,3,0,0,13,0,4,7,1,4,4,11,0,0,6,2
119,15.064,B5,XCH R5,pass,,0,0,0,0,0,3,0,0,13,0,4,7,1,4,4,11,0,0,6,2,0,3,0,0,13,0,4,7,1,4,4,11,0,0,6,2
120,15.164,A4,LD R4,pass,,0,13,0,0,0,3,0,0,13,0,4,7,1,4,4,11,0,0,6,2,0,3,0,0,13,0,4,7,1,4,4,11,0,0,6,2
121,15.244,F5,RAL,pass,,13,10,0,1,0,3,0,0,13,0,4,7,1,4,4,11,0,0,6,2,0,3,0,0,13,0,4,7,1,4,4,11,0,0,6,2
122,15.324,B4,XCH R4,pass,,10,13,1,1,0,3,0,0,13,0,4,7,1,4,4,11,0,0,6,2,0,3,0,0,10,0,4,7,1,4,4,11,0,0,6,2
123,15.424,F5,RAL,pass,,13,11,1,1,0,3,0,0,10,0,4,7,1,4,4,11,0,0,6,2,0,3,0,0,10,0,4,7,1,4,4,11,0,0,6,2
124,15.504,A1,LD R1,pass,,11,3,1,1,0,3,0,0,10,0,4,7,1,4,4,11,0,0,6,2,0,3,0,0,10,0,4,7,1,4,4,11,0,0,6,2
125,15.584,F5,RAL,pass,,3,7,1,0,0,3,0,0,10,0,4,7,1,4,4,11,0,0,6,2,0,3,0,0,10,0,4,7,1,4,4,11,0,0,6,2
126,15.664,B1,XCH R1,pass,,7,3,0,0,0,3,0,0,10,0,4,7,1,4,4,11,0,0,6,2,0,7,0,0,10,0,4,7,1,4,4,11,0,0,6,2
127,15.764,A0,LD R0,pass,,3,0,0,0,0,7,0,0,10,0,4,7,1,4,4,11,0,0,6,2,0,7,0,0,10,0,4,7,1,4,4,11,0,0,6,2
128,15.844,F5,RAL,pass,,0,0,0,0,0,7,0,0,10,0,4,7,1,4,4,11,0,0,6,2,0,7,0,0,10,0,4,7,1,4,4,11,0,0,6,2
129,15.924,B0,XCH R0,pass,,0,0,0,0,0,7,0,0,10,0,4,7,1,4,4,11,0,0,6,2,0,7,0,0,10,0,4,7,1,4,4,11,0,0,6,2
130,16.024,40,JUN 0,pass,,0,0,0,0,0,7,0,0,10,0,4,7,1,4,4,11,0,0,6,2,0,7,0,0,10,0,4,7,1,4,4,11,0,0,6,2
131,16.184,A8,LD R8,pass,,0,1,0,0,0,7,0,0,10,0,4,7,1,4,4,11,0,0,6,2,0,7,0,0,10,0,4,7,1,4,4,11,0,0,6,2
132,16.264,1C,JCN C,pass,,1,1,0,0,0,7,0,0,10,0,4,7,1,4,4,11,0,0,6,2,0,7,0,0,10,0,4,7,1,4,4,11,0,0,6,2
133,16.414,F1,CLC,pass,,1,1,0,0,0,7,0,0,10,0,4,7,1,4,4,11,0,0,6,2,0,7,0,0,10,0,4,7,1,4,4,11,0,0,6,2
134,16.484,A8,LD R8,pass,,1,1,0,0,0,7,0,0,10,0,4,7,1,4,4,11,0,0,6,2,0,7,0,0,10,0,4,7,1,4,4,11,0,0,6,2
135,16.564,F6,RAR,pass,,1,0,0,1,0,7,0,0,10,0,4,7,1,4,4,11,0,0,6,2,0,7,0,0,10,0,4,7,1,4,4,11,0,0,6,2
136,16.644,B8,XCH R8,pass,,0,1,1,1,0,7,0,0,10,0,4,7,1,4,4,11,0,0,6,2,0,7,0,0,10,0,4,7,0,4,4,11,0,0,6,2
137,16.744,A9,LD R9,pass,,1,4,1,1,0,7,0,0,10,0,4,7,0,4,4,11,0,0,6,2,0,7,0,0,10,0,4,7,0,4,4,11,0,0,6,2
138,16.824,F6,RAR,pass,,4,10,1,0,0,7,0,0,10,0,4,7,0,4,4,11,0,0,6,2,0,7,0,0,10,0,4,7,0,4,4,11,0,0,6,2
139,16.904,B9,XCH R9,pass,,10,4,0,0,0,7,0,0,10,0,4,7,0,4,4,11,0,0,6,2,0,7,0,0,10,0,4,7,0,10,4,11,0,0,6,2
140,17.004,1A,JCN A,pass,,4,4,0,0,0,7,0,0,10,0,4,7,0,10,4,11,0,0,6,2,0,7,0,0,10,0,4,7,0,10,4,11,0,0,6,2
141,17.154,F1,CLC,pass,,4,4,0,0,0,7,0,0,10,0,4,7,0,10,4,11,0,0,6,2,0,7,0,0,10,0,4,7,0,10,4,11,0,0,6,2
142,17.224,A5,LD R5,pass,,4,0,0,0,0,7,0,0,10,0,4,7,0,10,4,11,0,0,6,2,0,7,0,0,10,0,4,7,0,10,4,11,0,0,6,2
143,17.304,F5,RAL,pass,,0,0,0,0,0,7,0,0,10,0,4,7,0,10,4,11,0,0,6,2,0,7,0,0,10,0,4,7,0,10,4,11,0,0,6,2
144,17.384,B5,XCH R5,pass,,0,0,0,0,0,7,0,0,10,0,4,7,0,10,4,11,0,0,6,2,0,7,0,0,10,0,4,7,0,10,4,11,0,0,6,2
145,17.484,A4,LD R4,pass,,0,10,0,0,0,7,0,0,10,0,4,7,0,10,4,11,0,0,6,2,0,7,0,0,10,0,4,7,0,10,4,11,0,0,6,2
146,17.564,F5,RAL,pass,,10,4,0,1,0,7,0,0,10,0,4,7,0,10,4,11,0,0,6,2,0,7,0,0,10,0,4,7,0,10,4,11,0,0,6,2
147,17.644,B4,XCH R4,pass,,4,10,1,1,0,7,0,0,10,0,4,7,0,10,4,11,0,0,6,2,0,7,0,0,4,0,4,7,0,10,4,11,0,0,6,2
148,17.744,F5,RAL,pass,,10,5,1,1,0,7,0,0,4,0,4,7,0,10,4,11,0,0,6,2,0,7,0,0,4,0,4,7,0,10,4,11,0,0,6,2
149,17.824,A1,LD R1,pass,,5,7,1,1,0,7,0,0,4,0,4,7,0,10,4,11,0,0,6,2,0,7,0,0,4,0,4,7,0,10,4,11,0,0,6,2
150,17.904,F5,RAL,pass,,7,15,1,0,0,7,0,0,4,0,4,7,0,10,4,11,0,0,6,2,0,7,0,0,4,0,4,7,0,10,4,11,0,0,6,2
151,17.984,B1,XCH R1,pass,,15,7,0,0,0,7,0,0,4,0,4,7,0,10,4,11,0,0,6,2,0,15,0,0,4,0,4,7,0,10,4,11,0,0,6,2
152,18.084,A0,LD R0,pass,,7,0,0,0,0,15,0,0,4,0,4,7,0,10,4,11,0,0,6,2,0,15,0,0,4,0,4,7,0,10,4,11,0,0,6,2
153,18.164,F5,RAL,pass,,0,0,0,0,0,15,0,0,4,0,4,7,0,10,4,11,0,0,6,2,0,15,0,0,4,0,4,7,0,10,4,11,0,0,6,2
154,18.244,B0,XCH R0,pass,,0,0,0,0,0,15,0,0,4,0,4,7,0,10,4,11,0,0,6,2,0,15,0,0,4,0,4,7,0,10,4,11,0,0,6,2
155,18.344,40,JUN 0,pass,,0,0,0,0,0,15,0,0,4,0,4,7,0,10,4,11,0,0,6,2,0,15,0,0,4,0,4,7,0,10,4,11,0,0,6,2
156,18.504,A8,LD R8,pass,,0,0,0,0,0,15,0,0,4,0,4,7,0,10,4,11,0,0,6,2,0,15,0,0,4,0,4,7,0,10,4,11,0,0,6,2
157,18.584,1C,JCN C,pass,,0,0,0,0,0,15,0,0,4,0,4,7,0,10,4,11,0,0,6,2,0,15,0,0,4,0,4,7,0,10,4,11,0,0,6,2
158,18.734,A9,LD R9,pass,,0,10,0,0,0,15,0,0,4,0,4,7,0,10,4,11,0,0,6,2,0,15,0,0,4,0,4,7,0,10,4,11,0,0,6,2
159,18.814,1C,JCN C,pass,,10,10,0,0,0,15,0,0,4,0,4,7,0,10,4,11,0,0,6,2,0,15,0,0,4,0,4,7,0,10,4,11,0,0,6,2
160,18.964,F1,CLC,pass,,10,10,0,0,0,15,0,0,4,0,4,7,0,10,4,11,0,0,6,2,0,15,0,0,4,0,4,7,0,10,4,11,0,0,6,2
161,19.034,A8,LD R8,pass,,10,0,0,0,0,15,0,0,4,0,4,7,0,10,4,11,0,0,6,2,0,15,0,0,4,0,4,7,0,10,4,11,0,0,6,2
162,19.114,F6,RAR,pass,,0,0,0,0,0,15,0,0,4,0,4,7,0,10,4,11,0,0,6,2,0,15,0,0,4,0,4,7,0,10,4,11,0,0,6,2
163,19.194,B8,XCH R8,pass,,0,0,0,0,0,15,0,0,4,0,4,7,0,10,4,11,0,0,6,2,0,15,0,0,4,0,4,7,0,10,4,11,0,0,6,2
164,19.294,A9,LD R9,pass,,0,10,0,0,0,15,0,0,4,0,4,7,0,10,4,11,0,0,6,2,0,15,0,0,4,0,4,7,0,10,4,11,0,0,6,2
165,19.374,F6,RAR,pass,,10,5,0,0,0,15,0,0,4,0,4,7,0,10,4,11,0,0,6,2,0,15,0,0,4,0,4,7,0,10,4,11,0,0,6,2
166,19.454,B9,XCH R9,pass,,5,10,0,0,0,15,0,0,4,0,4,7,0,10,4,11,0,0,6,2,0,15,0,0,4,0,4,7,0,5,4,11,0,0,6,2
167,19.554,1A,JCN A,pass,,10,10,0,0,0,15,0,0,4,0,4,7,0,5,4,11,0,0,6,2,0,15,0,0,4,0,4,7,0,5,4,11,0,0,6,2
168,19.704,F1,CLC,pass,,10,10,0,0,0,15,0,0,4,0,4,7,0,5,4,11,0,0,6,2,0,15,0,0,4,0,4,7,0,5,4,11,0,0,6,2
169,19.774,A5,LD R5,pass,,10,0,0,0,0,15,0,0,4,0,4,7,0,5,4,11,0,0,6,2,0,15,0,0,4,0,4,7,0,5,4,11,0,0,6,2
170,19.854,F5,RAL,pass,,0,0,0,0,0,15,0,0,4,0,4,7,0,5,4,11,0,0,6,2,0,15,0,0,4,0,4,7,0,5,4,11,0,0,6,2
171,19.934,B5,XCH R5,pass,,0,0,0,0,0,15,0,0,4,0,4,7,0,5,4,11,0,0,6,2,0,15,0,0,4,0,4,7,0,5,4,11,0,0,6,2
172,20.034,A4,LD R4,pass,,0,4,0,0,0,15,0,0,4,0,4,7,0,5,4,11,0,0,6,2,0,15,0,0,4,0,4,7,0,5,4,11,0,0,6,2
173,20.114,F5,RAL,pass,,4,8,0,0,0,15,0,0,4,0,4,7,0,5,4,11,0,0,6,2,0,15,0,0,4,0,4,7,0,5,4,11,0,0,6,2
174,20.194,B4,XCH R4,pass,,8,4,0,0,0,15,0,0,4,0,4,7,0,5,4,11,0,0,6,2,0,15,0,0,8,0,4,7,0,5,4,11,0,0,6,2
175,20.294,F5,RAL,pass,,4,8,0,0,0,15,0,0,8,0,4,7,0,5,4,11,0,0,6,2,0,15,0,0,8,0,4,7,0,5,4,11,0,0,6,2
176,20.374,A1,LD R1,pass,,8,15,0,0,0,15,0,0,8,0,4,7,0,5,4,11,0,0,6,2,0,15,0,0,8,0,4,7,0,5,4,11,0,0,6,2
177,20.454,F5,RAL,pass,,15,14,0,1,0,15,0,0,8,0,4,7,0,5,4,11,0,0,6,2,0,15,0,0,8,0,4,7,0,5,4,11,0,0,6,2
178,20.534,B1,XCH R1,pass,,14,15,1,1,0,15,0,0,8,0,4,7,0,5,4,11,0,0,6,2,0,14,0,0,8,0,4,7,0,5,4,11,0,0,6,2
179,20.634,A0,LD R0,pass,,15,0,1,1,0,14,0,0,8,0,4,7,0,5,4,11,0,0,6,2,0,14,0,0,8,0,4,7,0,5,4,11,0,0,6,2
180,20.714,F5,RAL,pass,,0,1,1,0,0,14,0,0,8,0,4,7,0,5,4,11,0,0,6,2,0,14,0,0,8,0,4,7,0,5,4,11,0,0,6,2
181,20.794,B0,XCH R0,pass,,1,0,0,0,0,14,0,0,8,0,4,7,0,5,4,11,0,0,6,2,1,14,0,0,8,0,4,7,0,5,4,11,0,0,6,2
182,20.894,40,JUN 0,pass,,0,0,0,0,1,14,0,0,8,0,4,7,0,5,4,11,0,0,6,2,1,14,0,0,8,0,4,7,0,5,4,11,0,0,6,2
183,21.054,A8,LD R8,pass,,0,0,0,0,1,14,0,0,8,0,4,7,0,5,4,11,0,0,6,2,1,14,0,0,8,0,4,7,0,5,4,11,0,0,6,2
184,21.134,1C,JCN C,pass,,0,0,0,0,1,14,0,0,8,0,4,7,0,5,4,11,0,0,6,2,1,14,0,0,8,0,4,7,0,5,4,11,0,0,6,2
185,21.284,A9,LD R9,pass,,0,5,0,0,1,14,0,0,8,0,4,7,0,5,4,11,0,0,6,2,1,14,0,0,8,0,4,7,0,5,4,11,0,0,6,2
186,21.364,1C,JCN C,pass,,5,5,0,0,1,14,0,0,8,0,4,7,0,5,4,11,0,0,6,2,1,14,0,0,8,0,4,7,0,5,4,11,0,0,6,2
187,21.514,F1,CLC,pass,,5,5,0,0,1,14,0,0,8,0,4,7,0,5,4,11,0,0,6,2,1,14,0,0,8,0,4,7,0,5,4,11,0,0,6,2
188,21.584,A8,LD R8,pass,,5,0,0,0,1,14,0,0,8,0,4,7,0,5,4,11,0,0,6,2,1,14,0,0,8,0,4,7,0,5,4,11,0,0,6,2
189,21.664,F6,RAR,pass,,0,0,0,0,1,14,0,0,8,0,4,7,0,5,4,11,0,0,6,2,1,14,0,0,8,0,4,7,0,5,4,11,0,0,6,2
190,21.744,B8,XCH R8,pass,,0,0,0,0,1,14,0,0,8,0,4,7,0,5,4,11,0,0,6,2,1,14,0,0,8,0,4,7,0,5,4,11,0,0,6,2
191,21.844,A9,LD R9,pass,,0,5,0,0,1,14,0,0,8,0,4,7,0,5,4,11,0,0,6,2,1,14,0,0,8,0,4,7,0,5,4,11,0,0,6,2
192,21.924,F6,RAR,pass,,5,2,0,1,1,14,0,0,8,0,4,7,0,5,4,11,0,0,6,2,1,14,0,0,8,0,4,7,0,5,4,11,0,0,6,2
193,22.004,B9,XCH R9,pass,,2,5,1,1,1,14,0,0,8,0,4,7,0,5,4,11,0,0,6,2,1,14,0,0,8,0,4,7,0,2,4,11,0,0,6,2
194,22.104,1A,JCN A,pass,,5,5,1,1,1,14,0,0,8,0,4,7,0,2,4,11,0,0,6,2,1,14,0,0,8,0,4,7,0,2,4,11,0,0,6,2
195,22.254,F1,CLC,pass,,5,5,1,0,1,14,0,0,8,0,4,7,0,2,4,11,0,0,6,2,1,14,0,0,8,0,4,7,0,2,4,11,0,0,6,2
196,22.324,AD,LD R13,pass,,5,0,0,0,1,14,0,0,8,0,4,7,0,2,4,11,0,0,6,2,1,14,0,0,8,0,4,7,0,2,4,11,0,0,6,2
197,22.404,85,ADD R5,pass,,0,0,0,0,1,14,0,0,8,0,4,7,0,2,4,11,0,0,6,2,1,14,0,0,8,0,4,7,0,2,4,11,0,0,6,2
198,22.504,BD,XCH R13,pass,,0,0,0,0,1,14,0,0,8,0,4,7,0,2,4,11,0,0,6,2,1,14,0,0,8,0,4,7,0,2,4,11,0,0,6,2
199,22.604,AC,LD R12,pass,,0,0,0,0,1,14,0,0,8,0,4,7,0,2,4,11,0,0,6,2,1,14,0,0,8,0,4,7,0,2,4,11,0,0,6,2
200,22.684,84,ADD R4,pass,,0,8,0,0,1,14,0,0,8,0,4,7,0,2,4,11,0,0,6,2,1,14,0,0,8,0,4,7,0,2,4,11,0,0,6,2
201,22.784,BC,XCH R12,pass,,8,0,0,0,1,14,0,0,8,0,4,7,0,2,4,11,0,0,6,2,1,14,0,0,8,0,4,7,0,2,4,11,8,0,6,2
202,22.884,A3,LD R3,pass,,0,0,0,0,1,14,0,0,8,0,4,7,0,2,4,11,8,0,6,2,1,14,0,0,8,0,4,7,0,2,4,11,8,0,6,2
203,22.964,81,ADD R1,pass,,0,14,0,0,1,14,0,0,8,0,4,7,0,2,4,11,8,0,6,2,1,14,0,0,8,0,4,7,0,2,4,11,8,0,6,2
204,23.064,B3,XCH R3,pass,,14,0,0,0,1,14,0,0,8,0,4,7,0,2,4,11,8,0,6,2,1,14,0,14,8,0,4,7,0,2,4,11,8,0,6,2
205,23.164,A2,LD R2,pass,,0,0,0,0,1,14,0,14,8,0,4,7,0,2,4,11,8,0,6,2,1,14,0,14,8,0,4,7,0,2,4,11,8,0,6,2
206,23.244,80,ADD R0,pass,,0,1,0,0,1,14,0,14,8,0,4,7,0,2,4,11,8,0,6,2,1,14,0,14,8,0,4,7,0,2,4,11,8,0,6,2
207,23.344,B2,XCH R2,pass,,1,0,0,0,1,14,0,14,8,0,4,7,0,2,4,11,8,0,6,2,1,14,1,14,8,0,4,7,0,2,4,11,8,0,6,2
208,23.444,F1,CLC,pass,,0,0,0,0,1,14,1,14,8,0,4,7,0,2,4,11,8,0,6,2,1,14,1,14,8,0,4,7,0,2,4,11,8,0,6,2
209,23.514,A5,LD R5,pass,,0,0,0,0,1,14,1,14,8,0,4,7,0,2,4,11,8,0,6,2,1,14,1,14,8,0,4,7,0,2,4,11,8,0,6,2
210,23.594,F5,RAL,pass,,0,0,0,0,1,14,1,14,8,0,4,7,0,2,4,11,8,0,6,2,1,14,1,14,8,0,4,7,0,2,4,11,8,0,6,2
211,23.674,B5,XCH R5,pass,,0,0,0,0,1,14,1,14,8,0,4,7,0,2,4,11,8,0,6,2,1,14,1,14,8,0,4,7,0,2,4,11,8,0,6,2
212,23.774,A4,LD R4,pass,,0,8,0,0,1,14,1,14,8,0,4,7,0,2,4,11,8,0,6,2,1,14,1,14,8,0,4,7,0,2,4,11,8,0,6,2
213,23.854,F5,RAL,pass,,8,0,0,1,1,14,1,14,8,0,4,7,0,2,4,11,8,0,6,2,1,14,1,14,8,0,4,7,0,2,4,11,8,0,6,2
214,23.934,B4,XCH R4,pass,,0,8,1,1,1,14,1,14,8,0,4,7,0,2,4,11,8,0,6,2,1,14,1,14,0,0,4,7,0,2,4,11,8,0,6,2
215,24.034,F5,RAL,pass,,8,1,1,1,1,14,1,14,0,0,4,7,0,2,4,11,8,0,6,2,1,14,1,14,0,0,4,7,0,2,4,11,8,0,6,2
216,24.114,A1,LD R1,pass,,1,14,1,1,1,14,1,14,0,0,4,7,0,2,4,11,8,0,6,2,1,14,1,14,0,0,4,7,0,2,4,11,8,0,6,2
217,24.194,F5,RAL,pass,,14,13,1,1,1,14,1,14,0,0,4,7,0,2,4,11,8,0,6,2,1,14,1,14,0,0,4,7,0,2,4,11,8,0,6,2
218,24.274,B1,XCH R1,pass,,13,14,1,1,1,14,1,14,0,0,4,7,0,2,4,11,8,0,6,2,1,13,1,14,0,0,4,7,0,2,4,11,8,0,6,2
219,24.374,A0,LD R0,pass,,14,1,1,1,1,13,1,14,0,0,4,7,0,2,4,11,8,0,6,2,1,13,1,14,0,0,4,7,0,2,4,11,8,0,6,2
220,24.454,F5,RAL,pass,,1,3,1,0,1,13,1,14,0,0,4,7,0,2,4,11,8,0,6,2,1,13,1,14,0,0,4,7,0,2,4,11,8,0,6,2
221,24.534,B0,XCH R0,pass,,3,1,0,0,1,13,1,14,0,0,4,7,0,2,4,11,8,0,6,2,3,13,1,14,0,0,4,7,0,2,4,11,8,0,6,2
222,24.634,40,JUN 0,pass,,1,1,0,0,3,13,1,14,0,0,4,7,0,2,4,11,8,0,6,2,3,13,1,14,0,0,4,7,0,2,4,11,8,0,6,2
223,24.794,A8,LD R8,pass,,1,0,0,0,3,13,1,14,0,0,4,7,0,2,4,11,8,0,6,2,3,13,1,14,0,0,4,7,0,2,4,11,8,0,6,2
224,24.874,1C,JCN C,pass,,0,0,0,0,3,13,1,14,0,0,4,7,0,2,4,11,8,0,6,2,3,13,1,14,0,0,4,7,0,2,4,11,8,0,6,2
225,25.024,A9,LD R9,pass,,0,2,0,0,3,13,1,14,0,0,4,7,0,2,4,11,8,0,6,2,3,13,1,14,0,0,4,7,0,2,4,11,8,0,6,2
226,25.104,1C,JCN C,pass,,2,2,0,0,3,13,1,14,0,0,4,7,0,2,4,11,8,0,6,2,3,13,1,14,0,0,4,7,0,2,4,11,8,0,6,2
227,25.254,F1,CLC,pass,,2,2,0,0,3,13,1,14,0,0,4,7,0,2,4,11,8,0,6,2,3,13,1,14,0,0,4,7,0,2,4,11,8,0,6,2
228,25.324,A8,LD R8,pass,,2,0,0,0,3,13,1,14,0,0,4,7,0,2,4,11,8,0,6,2,3,13,1,14,0,0,4,7,0,2,4,11,8,0,6,2
229,25.404,F6,RAR,pass,,0,0,0,0,3,13,1,14,0,0,4,7,0,2,4,11,8,0,6,2,3,13,1,14,0,0,4,7,0,2,4,11,8,0,6,2
230,25.484,B8,XCH R8,pass,,0,0,0,0,3,13,1,14,0,0,4,7,0,2,4,11,8,0,6,2,3,13,1,14,0,0,4,7,0,2,4,11,8,0,6,2
231,25.584,A9,LD R9,pass,,0,2,0,0,3,13,1,14,0,0,4,7,0,2,4,11,8,0,6,2,3,13,1,14,0,0,4,7,0,2,4,11,8,0,6,2
232,25.664,F6,RAR,pass,,2,1,0,0,3,13,1,14,0,0,4,7,0,2,4,11,8,0,6,2,3,13,1,14,0,0,4,7,0,2,4,11,8,0,6,2
233,25.744,B9,XCH R9,pass,,1,2,0,0,3,13,1,14,0,0,4,7,0,2,4,11,8,0,6,2,3,13,1,14,0,0,4,7,0,1,4,11,8,0,6,2
234,25.844,1A,JCN A,pass,,2,2,0,0,3,13,1,14,0,0,4,7,0,1,4,11,8,0,6,2,3,13,1,14,0,0,4,7,0,1,4,11,8,0,6,2
235,25.994,F1,CLC,pass,,2,2,0,0,3,13,1,14,0,0,4,7,0,1,4,11,8,0,6,2,3,13,1,14,0,0,4,7,0,1,4,11,8,0,6,2
236,26.064,A5,LD R5,pass,,2,0,0,0,3,13,1,14,0,0,4,7,0,1,4,11,8,0,6,2,3,13,1,14,0,0,4,7,0,1,4,11,8,0,6,2
237,26.144,F5,RAL,pass,,0,0,0,0,3,13,1,14,0,0,4,7,0,1,4,11,8,0,6,2,3,13,1,14,0,0,4,7,0,1,4,11,8,0,6,2
238,26.224,B5,XCH R5,pass,,0,0,0,0,3,13,1,14,0,0,4,7,0,1,4,11,8,0,6,2,3,13,1,14,0,0,4,7,0,1,4,11,8,0,6,2
239,26.324,A4,LD R4,pass,,0,0,0,0,3,13,1,14,0,0,4,7,0,1,4,11,8,0,6,2,3,13,1,14,0,0,4,7,0,1,4,11,8,0,6,2
240,26.404,F5,RAL,pass,,0,0,0,0,3,13,1,14,0,0,4,7,0,1,4,11,8,0,6,2,3,13,1,14,0,0,4,7,0,1,4,11,8,0,6,2
241,26.484,B4,XCH R4,pass,,0,0,0,0,3,13,1,14,0,0,4,7,0,1,4,11,8,0,6,2,3,13,1,14,0,0,4,7,0,1,4,11,8,0,6,2
242,26.584,F5,RAL,pass,,0,0,0,0,3,13,1,14,0,0,4,7,0,1,4,11,8,0,6,2,3,13,1,14,0,0,4,7,0,1,4,11,8,0,6,2
243,26.664,A1,LD R1,pass,,0,13,0,0,3,13,1,14,0,0,4,7,0,1,4,11,8,0,6,2,3,13,1,14,0,0,4,7,0,1,4,11,8,0,6,2
244,26.744,F5,RAL,pass,,13,10,0,1,3,13,1,14,0,0,4,7,0,1,4,11,8,0,6,2,3,13,1,14,0,0,4,7,0,1,4,11,8,0,6,2
245,26.824,B1,XCH R1,pass,,10,13,1,1,3,13,1,14,0,0,4,7,0,1,4,11,8,0,6,2,3,10,1,14,0,0,4,7,0,1,4,11,8,0,6,2
246,26.924,A0,LD R0,pass,,13,3,1,1,3,10,1,14,0,0,4,7,0,1,4,11,8,0,6,2,3,10,1,14,0,0,4,7,0,1,4,11,8,0,6,2
247,27.004,F5,RAL,pass,,3,7,1,0,3,10,1,14,0,0,4,7,0,1,4,11,8,0,6,2,3,10,1,14,0,0,4,7,0,1,4,11,8,0,6,2
248,27.084,B0,XCH R0,pass,,7,3,0,0,3,10,1,14,0,0,4,7,0,1,4,11,8,0,6,2,7,10,1,14,0,0,4,7,0,1,4,11,8,0,6,2
249,27.184,40,JUN 0,pass,,3,3,0,0,7,10,1,14,0,0,4,7,0,1,4,11,8,0,6,2,7,10,1,14,0,0,4,7,0,1,4,11,8,0,6,2
250,27.344,A8,LD R8,pass,,3,0,0,0,7,10,1,14,0,0,4,7,0,1,4,11,8,0,6,2,7,10,1,14,0,0,4,7,0,1,4,11,8,0,6,2
251,27.424,1C,JCN C,pass,,0,0,0,0,7,10,1,14,0,0,4,7,0,1,4,11,8,0,6,2,7,10,1,14,0,0,4,7,0,1,4,11,8,0,6,2
252,27.574,A9,LD R9,pass,,0,1,0,0,7,10,1,14,0,0,4,7,0,1,4,11,8,0,6,2,7,10,1,14,0,0,4,7,0,1,4,11,8,0,6,2
253,27.654,1C,JCN C,pass,,1,1,0,0,7,10,1,14,0,0,4,7,0,1,4,11,8,0,6,2,7,10,1,14,0,0,4,7,0,1,4,11,8,0,6,2
254,27.804,F1,CLC,pass,,1,1,0,0,7,10,1,14,0,0,4,7,0,1,4,11,8,0,6,2,7,10,1,14,0,0,4,7,0,1,4,11,8,0,6,2
255,27.874,A8,LD R8,pass,,1,0,0,0,7,10,1,14,0,0,4,7,0,1,4,11,8,0,6,2,7,10,1,14,0,0,4,7,0,1,4,11,8,0,6,2
256,27.954,F6,RAR,pass,,0,0,0,0,7,10,1,14,0,0,4,7,0,1,4,11,8,0,6,2,7,10,1,14,0,0,4,7,0,1,4,11,8,0,6,2
257,28.034,B8,XCH R8,pass,,0,0,0,0,7,10,1,14,0,0,4,7,0,1,4,11,8,0,6,2,7,10,1,14,0,0,4,7,0,1,4,11,8,0,6,2
258,28.134,A9,LD R9,pass,,0,1,0,0,7,10,1,14,0,0,4,7,0,1,4,11,8,0,6,2,7,10,1,14,0,0,4,7,0,1,4,11,8,0,6,2
259,28.214,F6,RAR,pass,,1,0,0,1,7,10,1,14,0,0,4,7,0,1,4,11,8,0,6,2,7,10,1,14,0,0,4,7,0,1,4,11,8,0,6,2
260,28.294,B9,XCH R9,pass,,0,1,1,1,7,10,1,14,0,0,4,7,0,1,4,11,8,0,6,2,7,10,1,14,0,0,4,7,0,0,4,11,8,0,6,2
261,28.394,1A,JCN A,pass,,1,1,1,1,7,10,1,14,0,0,4,7,0,0,4,11,8,0,6,2,7,10,1,14,0,0,4,7,0,0,4,11,8,0,6,2
262,28.544,F1,CLC,pass,,1,1,1,0,7,10,1,14,0,0,4,7,0,0,4,11,8,0,6,2,7,10,1,14,0,0,4,7,0,0,4,11,8,0,6,2
263,28.614,AD,LD R13,pass,,1,0,0,0,7,10,1,14,0,0,4,7,0,0,4,11,8,0,6,2,7,10,1,14,0,0,4,7,0,0,4,11,8,0,6,2
264,28.694,85,ADD R5,pass,,0,0,0,0,7,10,1,14,0,0,4,7,0,0,4,11,8,0,6,2,7,10,1,14,0,0,4,7,0,0,4,11,8,0,6,2
265,28.794,BD,XCH R13,pass,,0,0,0,0,7,10,1,14,0,0,4,7,0,0,4,11,8,0,6,2,7,10,1,14,0,0,4,7,0,0,4,11,8,0,6,2
266,28.894,AC,LD R12,pass,,0,8,0,0,7,10,1,14,0,0,4,7,0,0,4,11,8,0,6,2,7,10,1,14,0,0,4,7,0,0,4,11,8,0,6,2
267,28.974,84,ADD R4,pass,,8,8,0,0,7,10,1,14,0,0,4,7,0,0,4,11,8,0,6,2,7,10,1,14,0,0,4,7,0,0,4,11,8,0,6,2
268,29.074,BC,XCH R12,pass,,8,8,0,0,7,10,1,14,0,0,4,7,0,0,4,11,8,0,6,2,7,10,1,14,0,0,4,7,0,0,4,11,8,0,6,2
269,29.174,A3,LD R3,pass,,8,14,0,0,7,10,1,14,0,0,4,7,0,0,4,11,8,0,6,2,7,10,1,14,0,0,4,7,0,0,4,11,8,0,6,2
270,29.254,81,ADD R1,pass,,14,8,0,1,7,10,1,14,0,0,4,7,0,0,4,11,8,0,6,2,7,10,1,14,0,0,4,7,0,0,4,11,8,0,6,2
271,29.354,B3,XCH R3,pass,,8,14,1,1,7,10,1,14,0,0,4,7,0,0,4,11,8,0,6,2,7,10,1,8,0,0,4,7,0,0,4,11,8,0,6,2
272,29.454,A2,LD R2,pass,,14,1,1,1,7,10,1,8,0,0,4,7,0,0,4,11,8,0,6,2,7,10,1,8,0,0,4,7,0,0,4,11,8,0,6,2
273,29.534,80,ADD R0,pass,,1,9,1,0,7,10,1,8,0,0,4,7,0,0,4,11,8,0,6,2,7,10,1,8,0,0,4,7,0,0,4,11,8,0,6,2
274,29.634,B2,XCH R2,pass,,9,1,0,0,7,10,1,8,0,0,4,7,0,0,4,11,8,0,6,2,7,10,9,8,0,0,4,7,0,0,4,11,8,0,6,2
275,29.734,F1,CLC,pass,,1,1,0,0,7,10,9,8,0,0,4,7,0,0,4,11,8,0,6,2,7,10,9,8,0,0,4,7,0,0,4,11,8,0,6,2
276,29.804,A5,LD R5,pass,,1,0,0,0,7,10,9,8,0,0,4,7,0,0,4,11,8,0,6,2,7,10,9,8,0,0,4,7,0,0,4,11,8,0,6,2
277,29.884,F5,RAL,pass,,0,0,0,0,7,10,9,8,0,0,4,7,0,0,4,11,8,0,6,2,7,10,9,8,0,0,4,7,0,0,4,11,8,0,6,2
278,29.964,B5,XCH R5,pass,,0,0,0,0,7,10,9,8,0,0,4,7,0,0,4,11,8,0,6,2,7,10,9,8,0,0,4,7,0,0,4,11,8,0,6,2
279,30.064,A4,LD R4,pass,,0,0,0,0,7,10,9,8,0,0,4,7,0,0,4,11,8,0,6,2,7,10,9,8,0,0,4,7,0,0,4,11,8,0,6,2
280,30.144,F5,RAL,pass,,0,0,0,0,7,10,9,8,0,0,4,7,0,0,4,11,8,0,6,2,7,10,9,8,0,0,4,7,0,0,4,11,8,0,6,2
281,30.224,B4,XCH R4,pass,,0,0,0,0,7,10,9,8,0,0,4,7,0,0,4,11,8,0,6,2,7,10,9,8,0,0,4,7,0,0,4,11,8,0,6,2
282,30.324,F5,RAL,pass,,0,0,0,0,7,10,9,8,0,0,4,7,0,0,4,11,8,0,6,2,7,10,9,8,0,0,4,7,0,0,4,11,8,0,6,2
283,30.404,A1,LD R1,pass,,0,10,0,0,7,10,9,8,0,0,4,7,0,0,4,11,8,0,6,2,7,10,9,8,0,0,4,7,0,0,4,11,8,0,6,2
284,30.484,F5,RAL,pass,,10,4,0,1,7,10,9,8,0,0,4,7,0,0,4,11,8,0,6,2,7,10,9,8,0,0,4,7,0,0,4,11,8,0,6,2
285,30.564,B1,XCH R1,pass,,4,10,1,1,7,10,9,8,0,0,4,7,0,0,4,11,8,0,6,2,7,4,9,8,0,0,4,7,0,0,4,11,8,0,6,2
286,30.664,A0,LD R0,pass,,10,7,1,1,7,4,9,8,0,0,4,7,0,0,4,11,8,0,6,2,7,4,9,8,0,0,4,7,0,0,4,11,8,0,6,2
287,30.744,F5,RAL,pass,,7,15,1,0,7,4,9,8,0,0,4,7,0,0,4,11,8,0,6,2,7,4,9,8,0,0,4,7,0,0,4,11,8,0,6,2
288,30.824,B0,XCH R0,pass,,15,7,0,0,7,4,9,8,0,0,4,7,0,0,4,11,8,0,6,2,15,4,9,8,0,0,4,7,0,0,4,11,8,0,6,2
289,30.924,40,JUN 0,pass,,7,7,0,0,15,4,9,8,0,0,4,7,0,0,4,11,8,0,6,2,15,4,9,8,0,0,4,7,0,0,4,11,8,0,6,2
290,31.084,A8,LD R8,pass,,7,0,0,0,15,4,9,8,0,0,4,7,0,0,4,11,8,0,6,2,15,4,9,8,0,0,4,7,0,0,4,11,8,0,6,2
291,31.164,1C,JCN C,pass,,0,0,0,0,15,4,9,8,0,0,4,7,0,0,4,11,8,0,6,2,15,4,9,8,0,0,4,7,0,0,4,11,8,0,6,2
292,31.314,A9,LD R9,pass,,0,0,0,0,15,4,9,8,0,0,4,7,0,0,4,11,8,0,6,2,15,4,9,8,0,0,4,7,0,0,4,11,8,0,6,2
293,31.394,1C,JCN C,pass,,0,0,0,0,15,4,9,8,0,0,4,7,0,0,4,11,8,0,6,2,15,4,9,8,0,0,4,7,0,0,4,11,8,0,6,2
294,31.544,40,JUN 0,pass,,0,0,0,0,15,4,9,8,0,0,4,7,0,0,4,11,8,0,6,2,15,4,9,8,0,0,4,7,0,0,4,11,8,0,6,2
295,31.704,A2,LD R2,pass,,0,9,0,0,15,4,9,8,0,0,4,7,0,0,4,11,8,0,6,2,15,4,9,8,0,0,4,7,0,0,4,11,8,0,6,2
296,31.784,1C,JCN C,pass,,9,9,0,0,15,4,9,8,0,0,4,7,0,0,4,11,8,0,6,2,15,4,9,8,0,0,4,7,0,0,4,11,8,0,6,2
297,31.934,A2,LD R2,pass,,9,9,0,0,15,4,9,8,0,0,4,7,0,0,4,11,8,0,6,2,15,4,9,8,0,0,4,7,0,0,4,11,8,0,6,2
298,32.014,F6,RAR,pass,,9,4,0,1,15,4,9,8,0,0,4,7,0,0,4,11,8,0,6,2,15,4,9,8,0,0,4,7,0,0,4,11,8,0,6,2
299,32.094,B2,XCH R2,pass,,4,9,1,1,15,4,9,8,0,0,4,7,0,0,4,11,8,0,6,2,15,4,4,8,0,0,4,7,0,0,4,11,8,0,6,2
300,32.194,A3,LD R3,pass,,9,8,1,1,15,4,4,8,0,0,4,7,0,0,4,11,8,0,6,2,15,4,4,8,0,0,4,7,0,0,4,11,8,0,6,2
301,32.274,F6,RAR,pass,,8,12,1,0,15,4,4,8,0,0,4,7,0,0,4,11,8,0,6,2,15,4,4,8,0,0,4,7,0,0,4,11,8,0,6,2
302,32.354,B3,XCH R3,pass,,12,8,0,0,15,4,4,8,0,0,4,7,0,0,4,11,8,0,6,2,15,4,4,12,0,0,4,7,0,0,4,11,8,0,6,2
303,32.454,AC,LD R12,pass,,8,8,0,0,15,4,4,12,0,0,4,7,0,0,4,11,8,0,6,2,15,4,4,12,0,0,4,7,0,0,4,11,8,0,6,2
304,32.534,F6,RAR,pass,,8,4,0,0,15,4,4,12,0,0,4,7,0,0,4,11,8,0,6,2,15,4,4,12,0,0,4,7,0,0,4,11,8,0,6,2
305,32.614,BC,XCH R12,pass,,4,8,0,0,15,4,4,12,0,0,4,7,0,0,4,11,8,0,6,2,15,4,4,12,0,0,4,7,0,0,4,11,4,0,6,2
306,32.714,AD,LD R13,pass,,8,0,0,0,15,4,4,12,0,0,4,7,0,0,4,11,4,0,6,2,15,4,4,12,0,0,4,7,0,0,4,11,4,0,6,2
307,32.794,F6,RAR,pass,,0,0,0,0,15,4,4,12,0,0,4,7,0,0,4,11,4,0,6,2,15,4,4,12,0,0,4,7,0,0,4,11,4,0,6,2
308,32.874,BD,XCH R13,pass,,0,0,0,0,15,4,4,12,0,0,4,7,0,0,4,11,4,0,6,2,15,4,4,12,0,0,4,7,0,0,4,11,4,0,6,2
309,32.974,F1,CLC,pass,,0,0,0,0,15,4,4,12,0,0,4,7,0,0,4,11,4,0,6,2,15,4,4,12,0,0,4,7,0,0,4,11,4,0,6,2
310,33.044,40,JUN 0,pass,,0,0,0,0,15,4,4,12,0,0,4,7,0,0,4,11,4,0,6,2,15,4,4,12,0,0,4,7,0,0,4,11,4,0,6,2
311,33.204,A2,LD R2,pass,,0,4,0,0,15,4,4,12,0,0,4,7,0,0,4,11,4,0,6,2,15,4,4,12,0,0,4,7,0,0,4,11,4,0,6,2
312,33.284,1C,JCN C,pass,,4,4,0,0,15,4,4,12,0,0,4,7,0,0,4,11,4,0,6,2,15,4,4,12,0,0,4,7,0,0,4,11,4,0,6,2
313,33.434,A2,LD R2,pass,,4,4,0,0,15,4,4,12,0,0,4,7,0,0,4,11,4,0,6,2,15,4,4,12,0,0,4,7,0,0,4,11,4,0,6,2
314,33.514,F6,RAR,pass,,4,2,0,0,15,4,4,12,0,0,4,7,0,0,4,11,4,0,6,2,15,4,4,12,0,0,4,7,0,0,4,11,4,0,6,2
315,33.594,B2,XCH R2,pass,,2,4,0,0,15,4,4,12,0,0,4,7,0,0,4,11,4,0,6,2,15,4,2,12,0,0,4,7,0,0,4,11,4,0,6,2
316,33.694,A3,LD R3,pass,,4,12,0,0,15,4,2,12,0,0,4,7,0,0,4,11,4,0,6,2,15,4,2,12,0,0,4,7,0,0,4,11,4,0,6,2
317,33.774,F6,RAR,pass,,12,6,0,0,15,4,2,12,0,0,4,7,0,0,4,11,4,0,6,2,15,4,2,12,0,0,4,7,0,0,4,11,4,0,6,2
318,33.854,B3,XCH R3,pass,,6,12,0,0,15,4,2,12,0,0,4,7,0,0,4,11,4,0,6,2,15,4,2,6,0,0,4,7,0,0,4,11,4,0,6,2
319,33.954,AC,LD R12,pass,,12,4,0,0,15,4,2,6,0,0,4,7,0,0,4,11,4,0,6,2,15,4,2,6,0,0,4,7,0,0,4,11,4,0,6,2
320,34.034,F6,RAR,pass,,4,2,0,0,15,4,2,6,0,0,4,7,0,0,4,11,4,0,6,2,15,4,2,6,0,0,4,7,0,0,4,11,4,0,6,2
321,34.114,BC,XCH R12,pass,,2,4,0,0,15,4,2,6,0,0,4,7,0,0,4,11,4,0,6,2,15,4,2,6,0,0,4,7,0,0,4,11,2,0,6,2
322,34.214,AD,LD R13,pass,,4,0,0,0,15,4,2,6,0,0,4,7,0,0,4,11,2,0,6,2,15,4,2,6,0,0,4,7,0,0,4,11,2,0,6,2
323,34.294,F6,RAR,pass,,0,0,0,0,15,4,2,6,0,0,4,7,0,0,4,11,2,0,6,2,15,4,2,6,0,0,4,7,0,0,4,11,2,0,6,2
324,34.374,BD,XCH R13,pass,,0,0,0,0,15,4,2,6,0,0,4,7,0,0,4,11,2,0,6,2,15,4,2,6,0,0,4,7,0,0,4,11,2,0,6,2
325,34.474,F1,CLC,pass,,0,0,0,0,15,4,2,6,0,0,4,7,0,0,4,11,2,0,6,2,15,4,2,6,0,0,4,7,0,0,4,11,2,0,6,2
326,34.544,40,JUN 0,pass,,0,0,0,0,15,4,2,6,0,0,4,7,0,0,4,11,2,0,6,2,15,4,2,6,0,0,4,7,0,0,4,11,2,0,6,2
327,34.704,A2,LD R2,pass,,0,2,0,0,15,4,2,6,0,0,4,7,0,0,4,11,2,0,6,2,15,4,2,6,0,0,4,7,0,0,4,11,2,0,6,2
328,34.784,1C,JCN C,pass,,2,2,0,0,15,4,2,6,0,0,4,7,0,0,4,11,2,0,6,2,15,4,2,6,0,0,4,7,0,0,4,11,2,0,6,2
329,34.934,A2,LD R2,pass,,2,2,0,0,15,4,2,6,0,0,4,7,0,0,4,11,2,0,6,2,15,4,2,6,0,0,4,7,0,0,4,11,2,0,6,2
330,35.014,F6,RAR,pass,,2,1,0,0,15,4,2,6,0,0,4,7,0,0,4,11,2,0,6,2,15,4,2,6,0,0,4,7,0,0,4,11,2,0,6,2
331,35.094,B2,XCH R2,pass,,1,2,0,0,15,4,2,6,0,0,4,7,0,0,4,11,2,0,6,2,15,4,1,6,0,0,4,7,0,0,4,11,2,0,6,2
332,35.194,A3,LD R3,pass,,2,6,0,0,15,4,1,6,0,0,4,7,0,0,4,11,2,0,6,2,15,4,1,6,0,0,4,7,0,0,4,11,2,0,6,2
333,35.274,F6,RAR,pass,,6,3,0,0,15,4,1,6,0,0,4,7,0,0,4,11,2,0,6,2,15,4,1,6,0,0,4,7,0,0,4,11,2,0,6,2
334,35.354,B3,XCH R3,pass,,3,6,0,0,15,4,1,6,0,0,4,7,0,0,4,11,2,0,6,2,15,4,1,3,0,0,4,7,0,0,4,11,2,0,6,2
335,35.454,AC,LD R12,pass,,6,2,0,0,15,4,1,3,0,0,4,7,0,0,4,11,2,0,6,2,15,4,1,3,0,0,4,7,0,0,4,11,2,0,6,2
336,35.534,F6,RAR,pass,,2,1,0,0,15,4,1,3,0,0,4,7,0,0,4,11,2,0,6,2,15,4,1,3,0,0,4,7,0,0,4,11,2,0,6,2
337,35.614,BC,XCH R12,pass,,1,2,0,0,15,4,1,3,0,0,4,7,0,0,4,11,2,0,6,2,15,4,1,3,0,0,4,7,0,0,4,11,1,0,6,2
338,35.714,AD,LD R13,pass,,2,0,0,0,15,4,1,3,0,0,4,7,0,0,4,11,1,0,6,2,15,4,1,3,0,0,4,7,0,0,4,11,1,0,6,2
339,35.794,F6,RAR,pass,,0,0,0,0,15,4,1,3,0,0,4,7,0,0,4,11,1,0,6,2,15,4,1,3,0,0,4,7,0,0,4,11,1,0,6,2
340,35.874,BD,XCH R13,pass,,0,0,0,0,15,4,1,3,0,0,4,7,0,0,4,11,1,0,6,2,15,4,1,3,0,0,4,7,0,0,4,11,1,0,6,2
341,35.974,F1,CLC,pass,,0,0,0,0,15,4,1,3,0,0,4,7,0,0,4,11,1,0,6,2,15,4,1,3,0,0,4,7,0,0,4,11,1,0,6,2
342,36.044,40,JUN 0,pass,,0,0,0,0,15,4,1,3,0,0,4,7,0,0,4,11,1,0,6,2,15,4,1,3,0,0,4,7,0,0,4,11,1,0,6,2
343,36.204,A2,LD R2,pass,,0,1,0,0,15,4,1,3,0,0,4,7,0,0,4,11,1,0,6,2,15,4,1,3,0,0,4,7,0,0,4,11,1,0,6,2
344,36.284,1C,JCN C,pass,,1,1,0,0,15,4,1,3,0,0,4,7,0,0,4,11,1,0,6,2,15,4,1,3,0,0,4,7,0,0,4,11,1,0,6,2
345,36.434,A2,LD R2,pass,,1,1,0,0,15,4,1,3,0,0,4,7,0,0,4,11,1,0,6,2,15,4,1,3,0,0,4,7,0,0,4,11,1,0,6,2
346,36.514,F6,RAR,pass,,1,0,0,1,15,4,1,3,0,0,4,7,0,0,4,11,1,0,6,2,15,4,1,3,0,0,4,7,0,0,4,11,1,0,6,2
347,36.594,B2,XCH R2,pass,,0,1,1,1,15,4,1,3,0,0,4,7,0,0,4,11,1,0,6,2,15,4,0,3,0,0,4,7,0,0,4,11,1,0,6,2
348,36.694,A3,LD R3,pass,,1,3,1,1,15,4,0,3,0,0,4,7,0,0,4,11,1,0,6,2,15,4,0,3,0,0,4,7,0,0,4,11,1,0,6,2
349,36.774,F6,RAR,pass,,3,9,1,1,15,4,0,3,0,0,4,7,0,0,4,11,1,0,6,2,15,4,0,3,0,0,4,7,0,0,4,11,1,0,6,2
350,36.854,B3,XCH R3,pass,,9,3,1,1,15,4,0,3,0,0,4,7,0,0,4,11,1,0,6,2,15,4,0,9,0,0,4,7,0,0,4,11,1,0,6,2
351,36.954,AC,LD R12,pass,,3,1,1,1,15,4,0,9,0,0,4,7,0,0,4,11,1,0,6,2,15,4,0,9,0,0,4,7,0,0,4,11,1,0,6,2
352,37.034,F6,RAR,pass,,1,8,1,1,15,4,0,9,0,0,4,7,0,0,4,11,1,0,6,2,15,4,0,9,0,0,4,7,0,0,4,11,1,0,6,2
353,37.114,BC,XCH R12,pass,,8,1,1,1,15,4,0,9,0,0,4,7,0,0,4,11,1,0,6,2,15,4,0,9,0,0,4,7,0,0,4,11,8,0,6,2
354,37.214,AD,LD R13,pass,,1,0,1,1,15,4,0,9,0,0,4,7,0,0,4,11,8,0,6,2,15,4,0,9,0,0,4,7,0,0,4,11,8,0,6,2
355,37.294,F6,RAR,pass,,0,8,1,0,15,4,0,9,0,0,4,7,0,0,4,11,8,0,6,2,15,4,0,9,0,0,4,7,0,0,4,11,8,0,6,2
356,37.374,BD,XCH R13,pass,,8,0,0,0,15,4,0,9,0,0,4,7,0,0,4,11,8,0,6,2,15,4,0,9,0,0,4,7,0,0,4,11,8,8,6,2
357,37.474,F1,CLC,pass,,0,0,0,0,15,4,0,9,0,0,4,7,0,0,4,11,8,8,6,2,15,4,0,9,0,0,4,7,0,0,4,11,8,8,6,2
358,37.544,40,JUN 0,pass,,0,0,0,0,15,4,0,9,0,0,4,7,0,0,4,11,8,8,6,2,15,4,0,9,0,0,4,7,0,0,4,11,8,8,6,2
359,37.704,A2,LD R2,pass,,0,0,0,0,15,4,0,9,0,0,4,7,0,0,4,11,8,8,6,2,15,4,0,9,0,0,4,7,0,0,4,11,8,8,6,2
360,37.784,1C,JCN C,pass,,0,0,0,0,15,4,0,9,0,0,4,7,0,0,4,11,8,8,6,2,15,4,0,9,0,0,4,7,0,0,4,11,8,8,6,2
361,37.934,A3,LD R3,pass,,0,9,0,0,15,4,0,9,0,0,4,7,0,0,4,11,8,8,6,2,15,4,0,9,0,0,4,7,0,0,4,11,8,8,6,2
362,38.014,1C,JCN C,pass,,9,9,0,0,15,4,0,9,0,0,4,7,0,0,4,11,8,8,6,2,15,4,0,9,0,0,4,7,0,0,4,11,8,8,6,2
363,38.164,A2,LD R2,pass,,9,0,0,0,15,4,0,9,0,0,4,7,0,0,4,11,8,8,6,2,15,4,0,9,0,0,4,7,0,0,4,11,8,8,6,2
364,38.244,F6,RAR,pass,,0,0,0,0,15,4,0,9,0,0,4,7,0,0,4,11,8,8,6,2,15,4,0,9,0,0,4,7,0,0,4,11,8,8,6,2
365,38.324,B2,XCH R2,pass,,0,0,0,0,15,4,0,9,0,0,4,7,0,0,4,11,8,8,6,2,15,4,0,9,0,0,4,7,0,0,4,11,8,8,6,2
366,38.424,A3,LD R3,pass,,0,9,0,0,15,4,0,9,0,0,4,7,0,0,4,11,8,8,6,2,15,4,0,9,0,0,4,7,0,0,4,11,8,8,6,2
367,38.504,F6,RAR,pass,,9,4,0,1,15,4,0,9,0,0,4,7,0,0,4,11,8,8,6,2,15,4,0,9,0,0,4,7,0,0,4,11,8,8,6,2
368,38.584,B3,XCH R3,pass,,4,9,1,1,15,4,0,9,0,0,4,7,0,0,4,11,8,8,6,2,15,4,0,4,0,0,4,7,0,0,4,11,8,8,6,2
369,38.684,AC,LD R12,pass,,9,8,1,1,15,4,0,4,0,0,4,7,0,0,4,11,8,8,6,2,15,4,0,4,0,0,4,7,0,0,4,11,8,8,6,2
370,38.764,F6,RAR,pass,,8,12,1,0,15,4,0,4,0,0,4,7,0,0,4,11,8,8,6,2,15,4,0,4,0,0,4,7,0,0,4,11,8,8,6,2
371,38.844,BC,XCH R12,pass,,12,8,0,0,15,4,0,4,0,0,4,7,0,0,4,11,8,8,6,2,15,4,0,4,0,0,4,7,0,0,4,11,12,8,6,2
372,38.944,AD,LD R13,pass,,8,8,0,0,15,4,0,4,0,0,4,7,0,0,4,11,12,8,6,2,15,4,0,4,0,0,4,7,0,0,4,11,12,8,6,2
373,39.024,F6,RAR,pass,,8,4,0,0,15,4,0,4,0,0,4,7,0,0,4,11,12,8,6,2,15,4,0,4,0,0,4,7,0,0,4,11,12,8,6,2
374,39.104,BD,XCH R13,pass,,4,8,0,0,15,4,0,4,0,0,4,7,0,0,4,11,12,8,6,2,15,4,0,4,0,0,4,7,0,0,4,11,12,4,6,2
375,39.204,F1,CLC,pass,,8,8,0,0,15,4,0,4,0,0,4,7,0,0,4,11,12,4,6,2,15,4,0,4,0,0,4,7,0,0,4,11,12,4,6,2
376,39.274,40,JUN 0,pass,,8,8,0,0,15,4,0,4,0,0,4,7,0,0,4,11,12,4,6,2,15,4,0,4,0,0,4,7,0,0,4,11,12,4,6,2
377,39.434,A2,LD R2,pass,,8,0,0,0,15,4,0,4,0,0,4,7,0,0,4,11,12,4,6,2,15,4,0,4,0,0,4,7,0,0,4,11,12,4,6,2
378,39.514,1C,JCN C,pass,,0,0,0,0,15,4,0,4,0,0,4,7,0,0,4,11,12,4,6,2,15,4,0,4,0,0,4,7,0,0,4,11,12,4,6,2
379,39.664,A3,LD R3,pass,,0,4,0,0,15,4,0,4,0,0,4,7,0,0,4,11,12,4,6,2,15,4,0,4,0,0,4,7,0,0,4,11,12,4,6,2
380,39.744,1C,JCN C,pass,,4,4,0,0,15,4,0,4,0,0,4,7,0,0,4,11,12,4,6,2,15,4,0,4,0,0,4,7,0,0,4,11,12,4,6,2
381,39.894,A2,LD R2,pass,,4,0,0,0,15,4,0,4,0,0,4,7,0,0,4,11,12,4,6,2,15,4,0,4,0,0,4,7,0,0,4,11,12,4,6,2
382,39.974,F6,RAR,pass,,0,0,0,0,15,4,0,4,0,0,4,7,0,0,4,11,12,4,6,2,15,4,0,4,0,0,4,7,0,0,4,11,12,4,6,2
383,40.054,B2,XCH R2,pass,,0,0,0,0,15,4,0,4,0,0,4,7,0,0,4,11,12,4,6,2,15,4,0,4,0,0,4,7,0,0,4,11,12,4,6,2
384,40.154,A3,LD R3,pass,,0,4,0,0,15,4,0,4,0,0,4,7,0,0,4,11,12,4,6,2,15,4,0,4,0,0,4,7,0,0,4,11,12,4,6,2
385,40.234,F6,RAR,pass,,4,2,0,0,15,4,0,4,0,0,4,7,0,0,4,11,12,4,6,2,15,4,0,4,0,0,4,7,0,0,4,11,12,4,6,2
386,40.314,B3,XCH R3,pass,,2,4,0,0,15,4,0,4,0,0,4,7,0,0,4,11,12,4,6,2,15,4,0,2,0,0,4,7,0,0,4,11,12,4,6,2
387,40.414,AC,LD R12,pass,,4,12,0,0,15,4,0,2,0,0,4,7,0,0,4,11,12,4,6,2,15,4,0,2,0,0,4,7,0,0,4,11,12,4,6,2
388,40.494,F6,RAR,pass,,12,6,0,0,15,4,0,2,0,0,4,7,0,0,4,11,12,4,6,2,15,4,0,2,0,0,4,7,0,0,4,11,12,4,6,2
389,40.574,BC,XCH R12,pass,,6,12,0,0,15,4,0,2,0,0,4,7,0,0,4,11,12,4,6,2,15,4,0,2,0,0,4,7,0,0,4,11,6,4,6,2
390,40.674,AD,LD R13,pass,,12,4,0,0,15,4,0,2,0,0,4,7,0,0,4,11,6,4,6,2,15,4,0,2,0,0,4,7,0,0,4,11,6,4,6,2
391,40.754,F6,RAR,pass,,4,2,0,0,15,4,0,2,0,0,4,7,0,0,4,11,6,4,6,2,15,4,0,2,0,0,4,7,0,0,4,11,6,4,6,2
392,40.834,BD,XCH R13,pass,,2,4,0,0,15,4,0,2,0,0,4,7,0,0,4,11,6,4,6,2,15,4,0,2,0,0,4,7,0,0,4,11,6,2,6,2
393,40.934,F1,CLC,pass,,4,4,0,0,15,4,0,2,0,0,4,7,0,0,4,11,6,2,6,2,15,4,0,2,0,0,4,7,0,0,4,11,6,2,6,2
394,41.004,40,JUN 0,pass,,4,4,0,0,15,4,0,2,0,0,4,7,0,0,4,11,6,2,6,2,15,4,0,2,0,0,4,7,0,0,4,11,6,2,6,2
395,41.164,A2,LD R2,pass,,4,0,0,0,15,4,0,2,0,0,4,7,0,0,4,11,6,2,6,2,15,4,0,2,0,0,4,7,0,0,4,11,6,2,6,2
396,41.244,1C,JCN C,pass,,0,0,0,0,15,4,0,2,0,0,4,7,0,0,4,11,6,2,6,2,15,4,0,2,0,0,4,7,0,0,4,11,6,2,6,2
397,41.394,A3,LD R3,pass,,0,2,0,0,15,4,0,2,0,0,4,7,0,0,4,11,6,2,6,2,15,4,0,2,0,0,4,7,0,0,4,11,6,2,6,2
398,41.474,1C,JCN C,pass,,2,2,0,0,15,4,0,2,0,0,4,7,0,0,4,11,6,2,6,2,15,4,0,2,0,0,4,7,0,0,4,11,6,2,6,2
399,41.624,A2,LD R2,pass,,2,0,0,0,15,4,0,2,0,0,4,7,0,0,4,11,6,2,6,2,15,4,0,2,0,0,4,7,0,0,4,11,6,2,6,2
400,41.704,F6,RAR,pass,,0,0,0,0,15,4,0,2,0,0,4,7,0,0,4,11,6,2,6,2,15,4,0,2,0,0,4,7,0,0,4,11,6,2,6,2
401,41.784,B2,XCH R2,pass,,0,0,0,0,15,4,0,2,0,0,4,7,0,0,4,11,6,2,6,2,15,4,0,2,0,0,4,7,0,0,4,11,6,2,6,2
402,41.884,A3,LD R3,pass,,0,2,0,0,15,4,0,2,0,0,4,7,0,0,4,11,6,2,6,2,15,4,0,2,0,0,4,7,0,0,4,11,6,2,6,2
403,41.964,F6,RAR,pass,,2,1,0,0,15,4,0,2,0,0,4,7,0,0,4,11,6,2,6,2,15,4,0,2,0,0,4,7,0,0,4,11,6,2,6,2
404,42.044,B3,XCH R3,pass,,1,2,0,0,15,4,0,2,0,0,4,7,0,0,4,11,6,2,6,2,15,4,0,1,0,0,4,7,0,0,4,11,6,2,6,2
405,42.144,AC,LD R12,pass,,2,6,0,0,15,4,0,1,0,0,4,7,0,0,4,11,6,2,6,2,15,4,0,1,0,0,4,7,0,0,4,11,6,2,6,2
406,42.224,F6,RAR,pass,,6,3,0,0,15,4,0,1,0,0,4,7,0,0,4,11,6,2,6,2,15,4,0,1,0,0,4,7,0,0,4,11,6,2,6,2
407,42.304,BC,XCH R12,pass,,3,6,0,0,15,4,0,1,0,0,4,7,0,0,4,11,6,2,6,2,15,4,0,1,0,0,4,7,0,0,4,11,3,2,6,2
408,42.404,AD,LD R13,pass,,6,2,0,0,15,4,0,1,0,0,4,7,0,0,4,11,3,2,6,2,15,4,0,1,0,0,4,7,0,0,4,11,3,2,6,2
409,42.484,F6,RAR,pass,,2,1,0,0,15,4,0,1,0,0,4,7,0,0,4,11,3,2,6,2,15,4,0,1,0,0,4,7,0,0,4,11,3,2,6,2
410,42.564,BD,XCH R13,pass,,1,2,0,0,15,4,0,1,0,0,4,7,0,0,4,11,3,2,6,2,15,4,0,1,0,0,4,7,0,0,4,11,3,1,6,2
411,42.664,F1,CLC,pass,,2,2,0,0,15,4,0,1,0,0,4,7,0,0,4,11,3,1,6,2,15,4,0,1,0,0,4,7,0,0,4,11,3,1,6,2
412,42.734,40,JUN 0,pass,,2,2,0,0,15,4,0,1,0,0,4,7,0,0,4,11,3,1,6,2,15,4,0,1,0,0,4,7,0,0,4,11,3,1,6,2
413,42.894,A2,LD R2,pass,,2,0,0,0,15,4,0,1,0,0,4,7,0,0,4,11,3,1,6,2,15,4,0,1,0,0,4,7,0,0,4,11,3,1,6,2
414,42.974,1C,JCN C,pass,,0,0,0,0,15,4,0,1,0,0,4,7,0,0,4,11,3,1,6,2,15,4,0,1,0,0,4,7,0,0,4,11,3,1,6,2
415,43.124,A3,LD R3,pass,,0,1,0,0,15,4,0,1,0,0,4,7,0,0,4,11,3,1,6,2,15,4,0,1,0,0,4,7,0,0,4,11,3,1,6,2
416,43.204,1C,JCN C,pass,,1,1,0,0,15,4,0,1,0,0,4,7,0,0,4,11,3,1,6,2,15,4,0,1,0,0,4,7,0,0,4,11,3,1,6,2
417,43.354,A2,LD R2,pass,,1,0,0,0,15,4,0,1,0,0,4,7,0,0,4,11,3,1,6,2,15,4,0,1,0,0,4,7,0,0,4,11,3,1,6,2
418,43.434,F6,RAR,pass,,0,0,0,0,15,4,0,1,0,0,4,7,0,0,4,11,3,1,6,2,15,4,0,1,0,0,4,7,0,0,4,11,3,1,6,2
419,43.514,B2,XCH R2,pass,,0,0,0,0,15,4,0,1,0,0,4,7,0,0,4,11,3,1,6,2,15,4,0,1,0,0,4,7,0,0,4,11,3,1,6,2
420,43.614,A3,LD R3,pass,,0,1,0,0,15,4,0,1,0,0,4,7,0,0,4,11,3,1,6,2,15,4,0,1,0,0,4,7,0,0,4,11,3,1,6,2
421,43.694,F6,RAR,pass,,1,0,0,1,15,4,0,1,0,0,4,7,0,0,4,11,3,1,6,2,15,4,0,1,0,0,4,7,0,0,4,11,3,1,6,2
422,43.774,B3,XCH R3,pass,,0,1,1,1,15,4,0,1,0,0,4,7,0,0,4,11,3,1,6,2,15,4,0,0,0,0,4,7,0,0,4,11,3,1,6,2
423,43.874,AC,LD R12,pass,,1,3,1,1,15,4,0,0,0,0,4,7,0,0,4,11,3,1,6,2,15,4,0,0,0,0,4,7,0,0,4,11,3,1,6,2
424,43.954,F6,RAR,pass,,3,9,1,1,15,4,0,0,0,0,4,7,0,0,4,11,3,1,6,2,15,4,0,0,0,0,4,7,0,0,4,11,3,1,6,2
425,44.034,BC,XCH R12,pass,,9,3,1,1,15,4,0,0,0,0,4,7,0,0,4,11,3,1,6,2,15,4,0,0,0,0,4,7,0,0,4,11,9,1,6,2
426,44.134,AD,LD R13,pass,,3,1,1,1,15,4,0,0,0,0,4,7,0,0,4,11,9,1,6,2,15,4,0,0,0,0,4,7,0,0,4,11,9,1,6,2
427,44.214,F6,RAR,pass,,1,8,1,1,15,4,0,0,0,0,4,7,0,0,4,11,9,1,6,2,15,4,0,0,0,0,4,7,0,0,4,11,9,1,6,2
428,44.294,BD,XCH R13,pass,,8,1,1,1,15,4,0,0,0,0,4,7,0,0,4,11,9,1,6,2,15,4,0,0,0,0,4,7,0,0,4,11,9,8,6,2
429,44.394,F1,CLC,pass,,1,1,1,0,15,4,0,0,0,0,4,7,0,0,4,11,9,8,6,2,15,4,0,0,0,0,4,7,0,0,4,11,9,8,6,2
430,44.464,40,JUN 0,pass,,1,1,0,0,15,4,0,0,0,0,4,7,0,0,4,11,9,8,6,2,15,4,0,0,0,0,4,7,0,0,4,11,9,8,6,2
431,44.624,A2,LD R2,pass,,1,0,0,0,15,4,0,0,0,0,4,7,0,0,4,11,9,8,6,2,15,4,0,0,0,0,4,7,0,0,4,11,9,8,6,2
432,44.704,1C,JCN C,pass,,0,0,0,0,15,4,0,0,0,0,4,7,0,0,4,11,9,8,6,2,15,4,0,0,0,0,4,7,0,0,4,11,9,8,6,2
433,44.854,A3,LD R3,pass,,0,0,0,0,15,4,0,0,0,0,4,7,0,0,4,11,9,8,6,2,15,4,0,0,0,0,4,7,0,0,4,11,9,8,6,2
434,44.934,1C,JCN C,pass,,0,0,0,0,15,4,0,0,0,0,4,7,0,0,4,11,9,8,6,2,15,4,0,0,0,0,4,7,0,0,4,11,9,8,6,2
435,45.084,40,JUN 0,pass,,0,0,0,0,15,4,0,0,0,0,4,7,0,0,4,11,9,8,6,2,15,4,0,0,0,0,4,7,0,0,4,11,9,8,6,2
436,45.244,C0,BBL 0,pass,,0,0,0,0,15,4,0,0,0,0,4,7,0,0,4,11,9,8,6,2,15,4,0,0,0,0,4,7,0,0,4,11,9,8,6,2
437,45.324,00,NOP 0,pass,,0,0,0,0,15,4,0,0,0,0,4,7,0,0,4,11,9,8,6,2,15,4,0,0,0,0,4,7,0,0,4,11,9,8,6,2
438,45.404,00,NOP 0,pass,,0,0,0,0,15,4,0,0,0,0,4,7,0,0,4,11,9,8,6,2,15,4,0,0,0,0,4,7,0,0,4,11,9,8,6,2
439,45.484,00,NOP 0,pass,,0,0,0,0,15,4,0,0,0,0,4,7,0,0,4,11,9,8,6,2,15,4,0,0,0,0,4,7,0,0,4,11,9,8,6,2
440,45.564,00,NOP 0,pass,,0,0,0,0,15,4,0,0,0,0,4,7,0,0,4,11,9,8,6,2,15,4,0,0,0,0,4,7,0,0,4,11,9,8,6,2
441,45.644,00,NOP 0,pass,,0,0,0,0,15,4,0,0,0,0,4,7,0,0,4,11,9,8,6,2,15,4,0,0,0,0,4,7,0,0,4,11,9,8,6,2
442,45.724,00,NOP 0,pass,,0,0,0,0,15,4,0,0,0,0,4,7,0,0,4,11,9,8,6,2,15,4,0,0,0,0,4,7,0,0,4,11,9,8,6,2
443,45.804,00,NOP 0,pass,,0,0,0,0,15,4,0,0,0,0,4,7,0,0,4,11,9,8,6,2,15,4,0,0,0,0,4,7,0,0,4,11,9,8,6,2
444,45.884,00,NOP 0,pass,,0,0,0,0,15,4,0,0,0,0,4,7,0,0,4,11,9,8,6,2,15,4,0,0,0,0,4,7,0,0,4,11,9,8,6,2
445,45.964,00,NOP 0,pass,,0,0,0,0,15,4,0,0,0,0,4,7,0,0,4,11,9,8,6,2,15,4,0,0,0,0,4,7,0,0,4,11,9,8,6,2
446,46.044,00,NOP 0,pass,,0,0,0,0,15,4,0,0,0,0,4,7,0,0,4,11,9,8,6,2,15,4,0,0,0,0,4,7,0,0,4,11,9,8,6,2
447,46.124,00,NOP 0,pass,,0,0,0,0,15,4,0,0,0,0,4,7,0,0,4,11,9,8,6,2,15,4,0,0,0,0,4,7,0,0,4,11,9,8,6,2
448,46.204,00,NOP 0,pass,,0,0,0,0,15,4,0,0,0,0,4,7,0,0,4,11,9,8,6,2,15,4,0,0,0,0,4,7,0,0,4,11,9,8,6,2
449,46.284,00,NOP 0,pass,,0,0,0,0,15,4,0,0,0,0,4,7,0,0,4,11,9,8,6,2,15,4,0,0,0,0,4,7,0,0,4,11,9,8,6,2
450,46.364,00,NOP 0,pass,,0,0,0,0,15,4,0,0,0,0,4,7,0,0,4,11,9,8,6,2,15,4,0,0,0,0,4,7,0,0,4,11,9,8,6,2
451,46.444,00,NOP 0,pass,,0,0,0,0,15,4,0,0,0,0,4,7,0,0,4,11,9,8,6,2,15,4,0,0,0,0,4,7,0,0,4,11,9,8,6,2
452,46.524,00,NOP 0,pass,,0,0,0,0,15,4,0,0,0,0,4,7,0,0,4,11,9,8,6,2,15,4,0,0,0,0,4,7,0,0,4,11,9,8,6,2
453,46.604,00,NOP 0,pass,,0,0,0,0,15,4,0,0,0,0,4,7,0,0,4,11,9,8,6,2,15,4,0,0,0,0,4,7,0,0,4,11,9,8,6,2
